country_code,country_name,official_country_name,iso_alpha3_code,currency_code,currency_name,active_from,active_until,status,last_updated
AD,Andorra,Principality of Andorra,AND,ESP,ESP,1873-01-01,2002-02-28,Historical,2025-09-09T15:06:07.153377+00:00
AD,Andorra,Principality of Andorra,AND,ADP,ADP,1936-01-01,2001-12-31,Historical,2025-09-09T15:06:07.153389+00:00
AD,Andorra,Principality of Andorra,AND,FRF,FRF,1960-01-01,2002-02-17,Historical,2025-09-09T15:06:07.153396+00:00
AD,Andorra,Principality of Andorra,AND,EUR,Euro,1999-01-01,,Active,2025-09-09T15:06:07.153402+00:00
AE,United Arab Emirates,United Arab Emirates,ARE,AED,UAE Dirham,1973-05-19,,Active,2025-09-09T15:06:07.153413+00:00
AF,Afghanistan,Islamic Republic of Afghanistan,AFG,AFA,AFA,1927-03-14,2002-12-31,Historical,2025-09-09T15:06:07.153427+00:00
AF,Afghanistan,Islamic Republic of Afghanistan,AFG,AFN,Afghani,2002-10-07,,Active,2025-09-09T15:06:07.153433+00:00
AG,Antigua and Barbuda,Antigua and Barbuda,ATG,XCD,East Caribbean Dollar,1965-10-06,,Active,2025-09-09T15:06:07.153441+00:00
AI,Anguilla,Anguilla,AIA,XCD,East Caribbean Dollar,1965-10-06,,Active,2025-09-09T15:06:07.153446+00:00
AL,Albania,Republic of Albania,ALB,ALK,ALK,1946-11-01,1965-08-16,Historical,2025-09-09T15:06:07.153453+00:00
AL,Albania,Republic of Albania,ALB,ALL,Lek,1965-08-16,,Active,2025-09-09T15:06:07.153458+00:00
AM,Armenia,Republic of Armenia,ARM,SUR,SUR,1961-01-01,1991-12-25,Historical,2025-09-09T15:06:07.153465+00:00
AM,Armenia,Republic of Armenia,ARM,RUR,RUR,1991-12-25,1993-11-22,Historical,2025-09-09T15:06:07.153470+00:00
AM,Armenia,Republic of Armenia,ARM,AMD,Armenian Dram,1993-11-22,,Active,2025-09-09T15:06:07.153474+00:00
AO,Angola,Republic of Angola,AGO,AOK,AOK,1977-01-08,1991-03-01,Historical,2025-09-09T15:06:07.153481+00:00
AO,Angola,Republic of Angola,AGO,AON,AON,1990-09-25,2000-02-01,Historical,2025-09-09T15:06:07.153485+00:00
AO,Angola,Republic of Angola,AGO,AOR,AOR,1995-07-01,2000-02-01,Historical,2025-09-09T15:06:07.153490+00:00
AO,Angola,Republic of Angola,AGO,AOA,Kwanza,1999-12-13,,Active,2025-09-09T15:06:07.153494+00:00
AR,Argentina,Argentine Republic,ARG,ARM,ARM,1881-11-05,1970-01-01,Historical,2025-09-09T15:06:07.153503+00:00
AR,Argentina,Argentine Republic,ARG,ARL,ARL,1970-01-01,1983-06-01,Historical,2025-09-09T15:06:07.153508+00:00
AR,Argentina,Argentine Republic,ARG,ARP,ARP,1983-06-01,1985-06-14,Historical,2025-09-09T15:06:07.153512+00:00
AR,Argentina,Argentine Republic,ARG,ARA,ARA,1985-06-14,1992-01-01,Historical,2025-09-09T15:06:07.153516+00:00
AR,Argentina,Argentine Republic,ARG,ARS,Argentine Peso,1992-01-01,,Active,2025-09-09T15:06:07.153540+00:00
AS,American Samoa,American Samoa,ASM,USD,US Dollar,1904-07-16,,Active,2025-09-09T15:06:07.153547+00:00
AT,Austria,Republic of Austria,AUT,ATS,ATS,1947-12-04,2002-02-28,Historical,2025-09-09T15:06:07.153553+00:00
AT,Austria,Republic of Austria,AUT,EUR,Euro,1999-01-01,,Active,2025-09-09T15:06:07.153558+00:00
AU,Australia,Australia,AUS,AUD,Australian Dollar,1966-02-14,,Active,2025-09-09T15:06:07.153564+00:00
AW,Aruba,Aruba,ABW,ANG,Netherlands Antillean Guilder,1940-05-10,1986-01-01,Historical,2025-09-09T15:06:07.153570+00:00
AW,Aruba,Aruba,ABW,AWG,Aruban Florin,1986-01-01,,Active,2025-09-09T15:06:07.153574+00:00
AX,Åland Islands,Åland Islands,ALA,EUR,Euro,1999-01-01,,Active,2025-09-09T15:06:07.153580+00:00
AZ,Azerbaijan,Republic of Azerbaijan,AZE,SUR,SUR,1961-01-01,1991-12-25,Historical,2025-09-09T15:06:07.153586+00:00
AZ,Azerbaijan,Republic of Azerbaijan,AZE,RUR,RUR,1991-12-25,1994-01-01,Historical,2025-09-09T15:06:07.153590+00:00
AZ,Azerbaijan,Republic of Azerbaijan,AZE,AZM,AZM,1993-11-22,2006-12-31,Historical,2025-09-09T15:06:07.153595+00:00
AZ,Azerbaijan,Republic of Azerbaijan,AZE,AZN,Azerbaijan Manat,2006-01-01,,Active,2025-09-09T15:06:07.153599+00:00
BA,Bosnia and Herzegovina,Republic of Bosnia and Herzegovina,BIH,YUD,YUD,1966-01-01,1990-01-01,Historical,2025-09-09T15:06:07.153606+00:00
BA,Bosnia and Herzegovina,Republic of Bosnia and Herzegovina,BIH,YUN,YUN,1990-01-01,1992-07-01,Historical,2025-09-09T15:06:07.153610+00:00
BA,Bosnia and Herzegovina,Republic of Bosnia and Herzegovina,BIH,BAD,BAD,1992-07-01,1994-08-15,Historical,2025-09-09T15:06:07.153614+00:00
BA,Bosnia and Herzegovina,Republic of Bosnia and Herzegovina,BIH,YUR,YUR,1992-07-01,1993-10-01,Historical,2025-09-09T15:06:07.153619+00:00
BA,Bosnia and Herzegovina,Republic of Bosnia and Herzegovina,BIH,BAN,BAN,1994-08-15,1997-07-01,Historical,2025-09-09T15:06:07.153623+00:00
BA,Bosnia and Herzegovina,Republic of Bosnia and Herzegovina,BIH,BAM,Convertible Mark,1995-01-01,,Active,2025-09-09T15:06:07.153627+00:00
BB,Barbados,Barbados,BRB,XCD,East Caribbean Dollar,1965-10-06,1973-12-03,Historical,2025-09-09T15:06:07.153633+00:00
BB,Barbados,Barbados,BRB,BBD,Barbados Dollar,1973-12-03,,Active,2025-09-09T15:06:07.153638+00:00
BD,Bangladesh,People's Republic of Bangladesh,BGD,INR,Indian Rupee,1835-08-17,1948-04-01,Historical,2025-09-09T15:06:07.153646+00:00
BD,Bangladesh,People's Republic of Bangladesh,BGD,PKR,Pakistan Rupee,1948-04-01,1972-01-01,Historical,2025-09-09T15:06:07.153651+00:00
BD,Bangladesh,People's Republic of Bangladesh,BGD,BDT,Taka,1972-01-01,,Active,2025-09-09T15:06:07.153655+00:00
BE,Belgium,Kingdom of Belgium,BEL,NLG,NLG,1816-12-15,1831-02-07,Historical,2025-09-09T15:06:07.153659+00:00
BE,Belgium,Kingdom of Belgium,BEL,BEF,BEF,1831-02-07,2002-02-28,Historical,2025-09-09T15:06:07.153661+00:00
BE,Belgium,Kingdom of Belgium,BEL,EUR,Euro,1999-01-01,,Active,2025-09-09T15:06:07.153664+00:00
BF,Burkina Faso,Burkina Faso,BFA,XOF,CFA Franc BCEAO,1984-08-04,,Active,2025-09-09T15:06:07.153667+00:00
BG,Bulgaria,Republic of Bulgaria,BGR,BGO,BGO,1879-07-08,1952-05-12,Historical,2025-09-09T15:06:07.153671+00:00
BG,Bulgaria,Republic of Bulgaria,BGR,BGM,BGM,1952-05-12,1962-01-01,Historical,2025-09-09T15:06:07.153673+00:00
BG,Bulgaria,Republic of Bulgaria,BGR,BGL,BGL,1962-01-01,1999-07-05,Historical,2025-09-09T15:06:07.153675+00:00
BG,Bulgaria,Republic of Bulgaria,BGR,BGN,Bulgarian Lev,1999-07-05,,Active,2025-09-09T15:06:07.153678+00:00
BH,Bahrain,Kingdom of Bahrain,BHR,BHD,Bahraini Dinar,1965-10-16,,Active,2025-09-09T15:06:07.153681+00:00
BI,Burundi,Republic of Burundi,BDI,BIF,Burundi Franc,1964-05-19,,Active,2025-09-09T15:06:07.153684+00:00
BJ,Benin,Republic of Benin,BEN,XOF,CFA Franc BCEAO,1975-11-30,,Active,2025-09-09T15:06:07.153687+00:00
BL,Saint Barthélemy,Saint Barthélemy,BLM,FRF,FRF,1960-01-01,2002-02-17,Historical,2025-09-09T15:06:07.153691+00:00
BL,Saint Barthélemy,Saint Barthélemy,BLM,EUR,Euro,1999-01-01,,Active,2025-09-09T15:06:07.153693+00:00
BM,Bermuda,Bermuda,BMU,BMD,Bermudian Dollar,1970-02-06,,Active,2025-09-09T15:06:07.153697+00:00
BN,Brunei Darussalam,Brunei Darussalam,BRN,MYR,Malaysian Ringgit,1963-09-16,1967-06-12,Historical,2025-09-09T15:06:07.153700+00:00
BN,Brunei Darussalam,Brunei Darussalam,BRN,BND,Brunei Dollar,1967-06-12,,Active,2025-09-09T15:06:07.153703+00:00
BO,"Bolivia, Plurinational State of",Plurinational State of Bolivia,BOL,BOL,BOL,1863-06-23,1963-01-01,Historical,2025-09-09T15:06:07.153706+00:00
BO,"Bolivia, Plurinational State of",Plurinational State of Bolivia,BOL,BOP,BOP,1963-01-01,1986-12-31,Historical,2025-09-09T15:06:07.153709+00:00
BO,"Bolivia, Plurinational State of",Plurinational State of Bolivia,BOL,BOB,Boliviano,1987-01-01,,Active,2025-09-09T15:06:07.153711+00:00
BQ,"Bonaire, Sint Eustatius and Saba","Bonaire, Sint Eustatius and Saba",BES,ANG,Netherlands Antillean Guilder,2010-10-10,2011-01-01,Historical,2025-09-09T15:06:07.153714+00:00
BQ,"Bonaire, Sint Eustatius and Saba","Bonaire, Sint Eustatius and Saba",BES,USD,US Dollar,2011-01-01,,Active,2025-09-09T15:06:07.153717+00:00
BR,Brazil,Federative Republic of Brazil,BRA,BRZ,BRZ,1942-11-01,1967-02-13,Historical,2025-09-09T15:06:07.153721+00:00
BR,Brazil,Federative Republic of Brazil,BRA,BRB,BRB,1967-02-13,1986-02-28,Historical,2025-09-09T15:06:07.153723+00:00
BR,Brazil,Federative Republic of Brazil,BRA,BRC,BRC,1986-02-28,1989-01-15,Historical,2025-09-09T15:06:07.153726+00:00
BR,Brazil,Federative Republic of Brazil,BRA,BRN,BRN,1989-01-15,1990-03-16,Historical,2025-09-09T15:06:07.153728+00:00
BR,Brazil,Federative Republic of Brazil,BRA,BRE,BRE,1990-03-16,1993-08-01,Historical,2025-09-09T15:06:07.153730+00:00
BR,Brazil,Federative Republic of Brazil,BRA,BRR,BRR,1993-08-01,1994-07-01,Historical,2025-09-09T15:06:07.153733+00:00
BR,Brazil,Federative Republic of Brazil,BRA,BRL,Brazilian Real,1994-07-01,,Active,2025-09-09T15:06:07.153735+00:00
BS,Bahamas,Commonwealth of the Bahamas,BHS,BSD,Bahamian Dollar,1966-05-25,,Active,2025-09-09T15:06:07.153738+00:00
BT,Bhutan,Kingdom of Bhutan,BTN,INR,Indian Rupee,1907-01-01,,Active,2025-09-09T15:06:07.153741+00:00
BT,Bhutan,Kingdom of Bhutan,BTN,BTN,Ngultrum,1974-04-16,,Active,2025-09-09T15:06:07.153744+00:00
BV,Bouvet Island,Bouvet Island,BVT,NOK,Norwegian Krone,1905-06-07,,Active,2025-09-09T15:06:07.153747+00:00
BW,Botswana,Republic of Botswana,BWA,ZAR,Rand,1961-02-14,1976-08-23,Historical,2025-09-09T15:06:07.153751+00:00
BW,Botswana,Republic of Botswana,BWA,BWP,Pula,1976-08-23,,Active,2025-09-09T15:06:07.153754+00:00
BY,Belarus,Republic of Belarus,BLR,SUR,SUR,1961-01-01,1991-12-25,Historical,2025-09-09T15:06:07.153758+00:00
BY,Belarus,Republic of Belarus,BLR,RUR,RUR,1991-12-25,1994-11-08,Historical,2025-09-09T15:06:07.153760+00:00
BY,Belarus,Republic of Belarus,BLR,BYB,BYB,1994-08-01,2000-12-31,Historical,2025-09-09T15:06:07.153763+00:00
BY,Belarus,Republic of Belarus,BLR,BYR,BYR,2000-01-01,2017-01-01,Historical,2025-09-09T15:06:07.153765+00:00
BY,Belarus,Republic of Belarus,BLR,BYN,Belarusian Ruble,2016-07-01,,Active,2025-09-09T15:06:07.153767+00:00
BZ,Belize,Belize,BLZ,BZD,Belize Dollar,1974-01-01,,Active,2025-09-09T15:06:07.153771+00:00
CA,Canada,Canada,CAN,CAD,Canadian Dollar,1858-01-01,,Active,2025-09-09T15:06:07.153774+00:00
CC,Cocos (Keeling) Islands,Cocos (Keeling) Islands,CCK,AUD,Australian Dollar,1966-02-14,,Active,2025-09-09T15:06:07.153777+00:00
CD,"Congo, The Democratic Republic of the","Congo, The Democratic Republic of the",COD,ZRZ,ZRZ,1971-10-27,1993-11-01,Historical,2025-09-09T15:06:07.153781+00:00
CD,"Congo, The Democratic Republic of the","Congo, The Democratic Republic of the",COD,ZRN,ZRN,1993-11-01,1998-07-01,Historical,2025-09-09T15:06:07.153783+00:00
CD,"Congo, The Democratic Republic of the","Congo, The Democratic Republic of the",COD,CDF,Congolese Franc,1998-07-01,,Active,2025-09-09T15:06:07.153786+00:00
CF,Central African Republic,Central African Republic,CAF,XAF,CFA Franc BEAC,1993-01-01,,Active,2025-09-09T15:06:07.153789+00:00
CG,Congo,Republic of the Congo,COG,XAF,CFA Franc BEAC,1993-01-01,,Active,2025-09-09T15:06:07.153792+00:00
CH,Switzerland,Swiss Confederation,CHE,CHF,Swiss Franc,1799-03-17,,Active,2025-09-09T15:06:07.153795+00:00
CI,Côte d'Ivoire,Republic of Côte d'Ivoire,CIV,XOF,CFA Franc BCEAO,1958-12-04,,Active,2025-09-09T15:06:07.153799+00:00
CK,Cook Islands,Cook Islands,COK,NZD,New Zealand Dollar,1967-07-10,,Active,2025-09-09T15:06:07.153802+00:00
CL,Chile,Republic of Chile,CHL,CLE,CLE,1960-01-01,1975-09-29,Historical,2025-09-09T15:06:07.153806+00:00
CL,Chile,Republic of Chile,CHL,CLP,Chilean Peso,1975-09-29,,Active,2025-09-09T15:06:07.153808+00:00
CM,Cameroon,Republic of Cameroon,CMR,XAF,CFA Franc BEAC,1973-04-01,,Active,2025-09-09T15:06:07.153811+00:00
CN,China,People's Republic of China,CHN,CNY,Yuan Renminbi,1953-03-01,,Active,2025-09-09T15:06:07.153814+00:00
CO,Colombia,Republic of Colombia,COL,COP,Colombian Peso,1905-01-01,,Active,2025-09-09T15:06:07.153818+00:00
CR,Costa Rica,Republic of Costa Rica,CRI,CRC,Costa Rican Colon,1896-10-26,,Active,2025-09-09T15:06:07.153821+00:00
CU,Cuba,Republic of Cuba,CUB,USD,US Dollar,1899-01-01,1959-01-01,Historical,2025-09-09T15:06:07.153828+00:00
CU,Cuba,Republic of Cuba,CUB,CUC,Peso Convertible,1994-01-01,2021-06-01,Historical,2025-09-09T15:06:07.153830+00:00
CU,Cuba,Republic of Cuba,CUB,CUP,Cuban Peso,1859-01-01,,Active,2025-09-09T15:06:07.153825+00:00
CV,Cabo Verde,Republic of Cabo Verde,CPV,PTE,PTE,1911-05-22,1975-07-05,Historical,2025-09-09T15:06:07.153833+00:00
CV,Cabo Verde,Republic of Cabo Verde,CPV,CVE,Cabo Verde Escudo,1914-01-01,,Active,2025-09-09T15:06:07.153836+00:00
CW,Curaçao,Curaçao,CUW,ANG,Netherlands Antillean Guilder,2010-10-10,2025-06-30,Historical,2025-09-09T15:06:07.153839+00:00
CW,Curaçao,Curaçao,CUW,XCG,XCG,2025-03-31,,Active,2025-09-09T15:06:07.153842+00:00
CX,Christmas Island,Christmas Island,CXR,AUD,Australian Dollar,1966-02-14,,Active,2025-09-09T15:06:07.153845+00:00
CY,Cyprus,Republic of Cyprus,CYP,CYP,CYP,1914-09-10,2008-01-31,Historical,2025-09-09T15:06:07.153848+00:00
CY,Cyprus,Republic of Cyprus,CYP,EUR,Euro,2008-01-01,,Active,2025-09-09T15:06:07.153851+00:00
CZ,Czechia,Czech Republic,CZE,CSK,CSK,1953-06-01,1993-03-01,Historical,2025-09-09T15:06:07.153854+00:00
CZ,Czechia,Czech Republic,CZE,CZK,Czech Koruna,1993-01-01,,Active,2025-09-09T15:06:07.153856+00:00
DE,Germany,Federal Republic of Germany,DEU,DEM,DEM,1948-06-20,2002-02-28,Historical,2025-09-09T15:06:07.153860+00:00
DE,Germany,Federal Republic of Germany,DEU,EUR,Euro,1999-01-01,,Active,2025-09-09T15:06:07.153862+00:00
DJ,Djibouti,Republic of Djibouti,DJI,DJF,Djibouti Franc,1977-06-27,,Active,2025-09-09T15:06:07.153866+00:00
DK,Denmark,Kingdom of Denmark,DNK,DKK,Danish Krone,1873-05-27,,Active,2025-09-09T15:06:07.153869+00:00
DM,Dominica,Commonwealth of Dominica,DMA,XCD,East Caribbean Dollar,1965-10-06,,Active,2025-09-09T15:06:07.153872+00:00
DO,Dominican Republic,Dominican Republic,DOM,USD,US Dollar,1905-06-21,1947-10-01,Historical,2025-09-09T15:06:07.153875+00:00
DO,Dominican Republic,Dominican Republic,DOM,DOP,Dominican Peso,1947-10-01,,Active,2025-09-09T15:06:07.153877+00:00
DZ,Algeria,People's Democratic Republic of Algeria,DZA,DZD,Algerian Dinar,1964-04-01,,Active,2025-09-09T15:06:07.153881+00:00
EC,Ecuador,Republic of Ecuador,ECU,ECS,ECS,1884-04-01,2000-10-02,Historical,2025-09-09T15:06:07.153884+00:00
EC,Ecuador,Republic of Ecuador,ECU,USD,US Dollar,2000-10-02,,Active,2025-09-09T15:06:07.153887+00:00
EE,Estonia,Republic of Estonia,EST,SUR,SUR,1961-01-01,1992-06-20,Historical,2025-09-09T15:06:07.153890+00:00
EE,Estonia,Republic of Estonia,EST,EEK,EEK,1992-06-21,2010-12-31,Historical,2025-09-09T15:06:07.153892+00:00
EE,Estonia,Republic of Estonia,EST,EUR,Euro,2011-01-01,,Active,2025-09-09T15:06:07.153895+00:00
EG,Egypt,Arab Republic of Egypt,EGY,EGP,Egyptian Pound,1885-11-14,,Active,2025-09-09T15:06:07.153898+00:00
EH,Western Sahara,Western Sahara,ESH,MAD,Moroccan Dirham,1976-02-26,,Active,2025-09-09T15:06:07.153901+00:00
ER,Eritrea,the State of Eritrea,ERI,ETB,Ethiopian Birr,1993-05-24,1997-11-08,Historical,2025-09-09T15:06:07.153904+00:00
ER,Eritrea,the State of Eritrea,ERI,ERN,Nakfa,1997-11-08,,Active,2025-09-09T15:06:07.153907+00:00
ES,Spain,Kingdom of Spain,ESP,ESP,ESP,1868-10-19,2002-02-28,Historical,2025-09-09T15:06:07.153911+00:00
ES,Spain,Kingdom of Spain,ESP,EUR,Euro,1999-01-01,,Active,2025-09-09T15:06:07.153913+00:00
ET,Ethiopia,Federal Democratic Republic of Ethiopia,ETH,ETB,Ethiopian Birr,1976-09-15,,Active,2025-09-09T15:06:07.153916+00:00
FI,Finland,Republic of Finland,FIN,FIM,FIM,1963-01-01,2002-02-28,Historical,2025-09-09T15:06:07.153920+00:00
FI,Finland,Republic of Finland,FIN,EUR,Euro,1999-01-01,,Active,2025-09-09T15:06:07.153922+00:00
FJ,Fiji,Republic of Fiji,FJI,FJD,Fiji Dollar,1969-01-13,,Active,2025-09-09T15:06:07.153925+00:00
FK,Falkland Islands (Malvinas),Falkland Islands (Malvinas),FLK,FKP,Falkland Islands Pound,1901-01-01,,Active,2025-09-09T15:06:07.153928+00:00
FM,"Micronesia, Federated States of",Federated States of Micronesia,FSM,JPY,Yen,1914-10-03,1944-01-01,Historical,2025-09-09T15:06:07.153931+00:00
FM,"Micronesia, Federated States of",Federated States of Micronesia,FSM,USD,US Dollar,1944-01-01,,Active,2025-09-09T15:06:07.153934+00:00
FO,Faroe Islands,Faroe Islands,FRO,DKK,Danish Krone,1948-01-01,,Active,2025-09-09T15:06:07.153937+00:00
FR,France,French Republic,FRA,FRF,FRF,1960-01-01,2002-02-17,Historical,2025-09-09T15:06:07.153940+00:00
FR,France,French Republic,FRA,EUR,Euro,1999-01-01,,Active,2025-09-09T15:06:07.153943+00:00
GA,Gabon,Gabonese Republic,GAB,XAF,CFA Franc BEAC,1993-01-01,,Active,2025-09-09T15:06:07.153946+00:00
GB,United Kingdom,United Kingdom of Great Britain and Northern Ireland,GBR,GBP,Pound Sterling,1694-07-27,,Active,2025-09-09T15:06:07.153949+00:00
GD,Grenada,Grenada,GRD,XCD,East Caribbean Dollar,1967-02-27,,Active,2025-09-09T15:06:07.153952+00:00
GE,Georgia,Georgia,GEO,SUR,SUR,1961-01-01,1991-12-25,Historical,2025-09-09T15:06:07.153956+00:00
GE,Georgia,Georgia,GEO,RUR,RUR,1991-12-25,1993-06-11,Historical,2025-09-09T15:06:07.153958+00:00
GE,Georgia,Georgia,GEO,GEK,GEK,1993-04-05,1995-09-25,Historical,2025-09-09T15:06:07.153960+00:00
GE,Georgia,Georgia,GEO,GEL,Lari,1995-09-23,,Active,2025-09-09T15:06:07.153963+00:00
GF,French Guiana,French Guiana,GUF,FRF,FRF,1960-01-01,2002-02-17,Historical,2025-09-09T15:06:07.153966+00:00
GF,French Guiana,French Guiana,GUF,EUR,Euro,1999-01-01,,Active,2025-09-09T15:06:07.153968+00:00
GG,Guernsey,Guernsey,GGY,GBP,Pound Sterling,1830-01-01,,Active,2025-09-09T15:06:07.153972+00:00
GH,Ghana,Republic of Ghana,GHA,GHC,GHC,1979-03-09,2007-12-31,Historical,2025-09-09T15:06:07.153975+00:00
GH,Ghana,Republic of Ghana,GHA,GHS,Ghana Cedi,2007-07-03,,Active,2025-09-09T15:06:07.153977+00:00
GI,Gibraltar,Gibraltar,GIB,GIP,Gibraltar Pound,1713-01-01,,Active,2025-09-09T15:06:07.153980+00:00
GL,Greenland,Greenland,GRL,DKK,Danish Krone,1873-05-27,,Active,2025-09-09T15:06:07.153983+00:00
GM,Gambia,Republic of the Gambia,GMB,GMD,Dalasi,1971-07-01,,Active,2025-09-09T15:06:07.153986+00:00
GN,Guinea,Republic of Guinea,GIN,GNS,GNS,1972-10-02,1986-01-06,Historical,2025-09-09T15:06:07.153990+00:00
GN,Guinea,Republic of Guinea,GIN,GNF,Guinean Franc,1986-01-06,,Active,2025-09-09T15:06:07.153992+00:00
GP,Guadeloupe,Guadeloupe,GLP,FRF,FRF,1960-01-01,2002-02-17,Historical,2025-09-09T15:06:07.153995+00:00
GP,Guadeloupe,Guadeloupe,GLP,EUR,Euro,1999-01-01,,Active,2025-09-09T15:06:07.153998+00:00
GQ,Equatorial Guinea,Republic of Equatorial Guinea,GNQ,GQE,GQE,1975-07-07,1986-06-01,Historical,2025-09-09T15:06:07.154001+00:00
GQ,Equatorial Guinea,Republic of Equatorial Guinea,GNQ,XAF,CFA Franc BEAC,1993-01-01,,Active,2025-09-09T15:06:07.154003+00:00
GR,Greece,Hellenic Republic,GRC,GRD,GRD,1954-05-01,2002-02-28,Historical,2025-09-09T15:06:07.154006+00:00
GR,Greece,Hellenic Republic,GRC,EUR,Euro,2001-01-01,,Active,2025-09-09T15:06:07.154008+00:00
GS,South Georgia and the South Sandwich Islands,South Georgia and the South Sandwich Islands,SGS,GBP,Pound Sterling,1908-01-01,,Active,2025-09-09T15:06:07.154011+00:00
GT,Guatemala,Republic of Guatemala,GTM,GTQ,Quetzal,1925-05-27,,Active,2025-09-09T15:06:07.154015+00:00
GU,Guam,Guam,GUM,USD,US Dollar,1944-08-21,,Active,2025-09-09T15:06:07.154018+00:00
GW,Guinea-Bissau,Republic of Guinea-Bissau,GNB,GWE,GWE,1914-01-01,1976-02-28,Historical,2025-09-09T15:06:07.154021+00:00
GW,Guinea-Bissau,Republic of Guinea-Bissau,GNB,GWP,GWP,1976-02-28,1997-03-31,Historical,2025-09-09T15:06:07.154023+00:00
GW,Guinea-Bissau,Republic of Guinea-Bissau,GNB,XOF,CFA Franc BCEAO,1997-03-31,,Active,2025-09-09T15:06:07.154026+00:00
GY,Guyana,Republic of Guyana,GUY,GYD,Guyana Dollar,1966-05-26,,Active,2025-09-09T15:06:07.154029+00:00
HK,Hong Kong,Hong Kong Special Administrative Region of China,HKG,HKD,Hong Kong Dollar,1895-02-02,,Active,2025-09-09T15:06:07.154032+00:00
HM,Heard Island and McDonald Islands,Heard Island and McDonald Islands,HMD,AUD,Australian Dollar,1967-02-16,,Active,2025-09-09T15:06:07.154035+00:00
HN,Honduras,Republic of Honduras,HND,HNL,Lempira,1926-04-03,,Active,2025-09-09T15:06:07.154038+00:00
HR,Croatia,Republic of Croatia,HRV,YUD,YUD,1966-01-01,1990-01-01,Historical,2025-09-09T15:06:07.154042+00:00
HR,Croatia,Republic of Croatia,HRV,YUN,YUN,1990-01-01,1991-12-23,Historical,2025-09-09T15:06:07.154044+00:00
HR,Croatia,Republic of Croatia,HRV,HRD,HRD,1991-12-23,1995-01-01,Historical,2025-09-09T15:06:07.154047+00:00
HR,Croatia,Republic of Croatia,HRV,HRK,Kuna,1994-05-30,2023-01-14,Historical,2025-09-09T15:06:07.154049+00:00
HR,Croatia,Republic of Croatia,HRV,EUR,Euro,2023-01-01,,Active,2025-09-09T15:06:07.154051+00:00
HT,Haiti,Republic of Haiti,HTI,HTG,Gourde,1872-08-26,,Active,2025-09-09T15:06:07.154055+00:00
HT,Haiti,Republic of Haiti,HTI,USD,US Dollar,1915-01-01,,Active,2025-09-09T15:06:07.154057+00:00
HU,Hungary,Hungary,HUN,HUF,Forint,1946-07-23,,Active,2025-09-09T15:06:07.154060+00:00
ID,Indonesia,Republic of Indonesia,IDN,IDR,Rupiah,1965-12-13,,Active,2025-09-09T15:06:07.154064+00:00
IE,Ireland,Ireland,IRL,GBP,Pound Sterling,1800-01-01,1922-01-01,Historical,2025-09-09T15:06:07.154068+00:00
IE,Ireland,Ireland,IRL,IEP,IEP,1922-01-01,2002-02-09,Historical,2025-09-09T15:06:07.154070+00:00
IE,Ireland,Ireland,IRL,EUR,Euro,1999-01-01,,Active,2025-09-09T15:06:07.154072+00:00
IL,Israel,State of Israel,ISR,ILP,ILP,1948-08-16,1980-02-22,Historical,2025-09-09T15:06:07.154076+00:00
IL,Israel,State of Israel,ISR,ILR,ILR,1980-02-22,1985-09-04,Historical,2025-09-09T15:06:07.154078+00:00
IL,Israel,State of Israel,ISR,ILS,New Israeli Sheqel,1985-09-04,,Active,2025-09-09T15:06:07.154080+00:00
IM,Isle of Man,Isle of Man,IMN,GBP,Pound Sterling,1840-01-03,,Active,2025-09-09T15:06:07.154084+00:00
IN,India,Republic of India,IND,INR,Indian Rupee,1835-08-17,,Active,2025-09-09T15:06:07.154086+00:00
IO,British Indian Ocean Territory,British Indian Ocean Territory,IOT,USD,US Dollar,1965-11-08,,Active,2025-09-09T15:06:07.154090+00:00
IQ,Iraq,Republic of Iraq,IRQ,EGP,Egyptian Pound,1920-11-11,1931-04-19,Historical,2025-09-09T15:06:07.154093+00:00
IQ,Iraq,Republic of Iraq,IRQ,INR,Indian Rupee,1920-11-11,1931-04-19,Historical,2025-09-09T15:06:07.154095+00:00
IQ,Iraq,Republic of Iraq,IRQ,IQD,Iraqi Dinar,1931-04-19,,Active,2025-09-09T15:06:07.154098+00:00
IR,"Iran, Islamic Republic of",Islamic Republic of Iran,IRN,IRR,Iranian Rial,1932-05-13,,Active,2025-09-09T15:06:07.154101+00:00
IS,Iceland,Republic of Iceland,ISL,DKK,Danish Krone,1873-05-27,1918-12-01,Historical,2025-09-09T15:06:07.154104+00:00
IS,Iceland,Republic of Iceland,ISL,ISJ,ISJ,1918-12-01,1981-01-01,Historical,2025-09-09T15:06:07.154107+00:00
IS,Iceland,Republic of Iceland,ISL,ISK,Iceland Krona,1981-01-01,,Active,2025-09-09T15:06:07.154109+00:00
IT,Italy,Italian Republic,ITA,ITL,ITL,1862-08-24,2002-02-28,Historical,2025-09-09T15:06:07.154112+00:00
IT,Italy,Italian Republic,ITA,EUR,Euro,1999-01-01,,Active,2025-09-09T15:06:07.154115+00:00
JE,Jersey,Jersey,JEY,GBP,Pound Sterling,1837-01-01,,Active,2025-09-09T15:06:07.154118+00:00
JM,Jamaica,Jamaica,JAM,JMD,Jamaican Dollar,1969-09-08,,Active,2025-09-09T15:06:07.154121+00:00
JO,Jordan,Hashemite Kingdom of Jordan,JOR,JOD,Jordanian Dinar,1950-07-01,,Active,2025-09-09T15:06:07.154124+00:00
JP,Japan,Japan,JPN,JPY,Yen,1871-06-01,,Active,2025-09-09T15:06:07.154128+00:00
KE,Kenya,Republic of Kenya,KEN,KES,Kenyan Shilling,1966-09-14,,Active,2025-09-09T15:06:07.154131+00:00
KG,Kyrgyzstan,Kyrgyz Republic,KGZ,SUR,SUR,1961-01-01,1991-12-25,Historical,2025-09-09T15:06:07.154134+00:00
KG,Kyrgyzstan,Kyrgyz Republic,KGZ,RUR,RUR,1991-12-25,1993-05-10,Historical,2025-09-09T15:06:07.154136+00:00
KG,Kyrgyzstan,Kyrgyz Republic,KGZ,KGS,Som,1993-05-10,,Active,2025-09-09T15:06:07.154139+00:00
KH,Cambodia,Kingdom of Cambodia,KHM,KHR,Riel,1980-03-20,,Active,2025-09-09T15:06:07.154142+00:00
KI,Kiribati,Republic of Kiribati,KIR,AUD,Australian Dollar,1966-02-14,,Active,2025-09-09T15:06:07.154145+00:00
KM,Comoros,Union of the Comoros,COM,KMF,Comorian Franc,1975-07-06,,Active,2025-09-09T15:06:07.154148+00:00
KN,Saint Kitts and Nevis,Saint Kitts and Nevis,KNA,XCD,East Caribbean Dollar,1965-10-06,,Active,2025-09-09T15:06:07.154151+00:00
KP,"Korea, Democratic People's Republic of",Democratic People's Republic of Korea,PRK,KPW,North Korean Won,1959-04-17,,Active,2025-09-09T15:06:07.154154+00:00
KR,"Korea, Republic of","Korea, Republic of",KOR,KRO,KRO,1945-08-15,1953-02-15,Historical,2025-09-09T15:06:07.154157+00:00
KR,"Korea, Republic of","Korea, Republic of",KOR,KRH,KRH,1953-02-15,1962-06-10,Historical,2025-09-09T15:06:07.154159+00:00
KR,"Korea, Republic of","Korea, Republic of",KOR,KRW,Won,1962-06-10,,Active,2025-09-09T15:06:07.154162+00:00
KW,Kuwait,State of Kuwait,KWT,KWD,Kuwaiti Dinar,1961-04-01,,Active,2025-09-09T15:06:07.154165+00:00
KY,Cayman Islands,Cayman Islands,CYM,JMD,Jamaican Dollar,1969-09-08,1971-01-01,Historical,2025-09-09T15:06:07.154168+00:00
KY,Cayman Islands,Cayman Islands,CYM,KYD,Cayman Islands Dollar,1971-01-01,,Active,2025-09-09T15:06:07.154170+00:00
KZ,Kazakhstan,Republic of Kazakhstan,KAZ,KZT,Tenge,1993-11-05,,Active,2025-09-09T15:06:07.154173+00:00
LA,Lao People's Democratic Republic,Lao People's Democratic Republic,LAO,LAK,Lao Kip,1979-12-10,,Active,2025-09-09T15:06:07.154176+00:00
LB,Lebanon,Lebanese Republic,LBN,LBP,Lebanese Pound,1948-02-02,,Active,2025-09-09T15:06:07.154179+00:00
LC,Saint Lucia,Saint Lucia,LCA,XCD,East Caribbean Dollar,1965-10-06,,Active,2025-09-09T15:06:07.154182+00:00
LI,Liechtenstein,Principality of Liechtenstein,LIE,CHF,Swiss Franc,1921-02-01,,Active,2025-09-09T15:06:07.154185+00:00
LK,Sri Lanka,Democratic Socialist Republic of Sri Lanka,LKA,LKR,Sri Lanka Rupee,1978-05-22,,Active,2025-09-09T15:06:07.154188+00:00
LR,Liberia,Republic of Liberia,LBR,LRD,Liberian Dollar,1944-01-01,,Active,2025-09-09T15:06:07.154192+00:00
LS,Lesotho,Kingdom of Lesotho,LSO,ZAR,Rand,1961-02-14,,Active,2025-09-09T15:06:07.154195+00:00
LS,Lesotho,Kingdom of Lesotho,LSO,LSL,Loti,1980-01-22,,Active,2025-09-09T15:06:07.154197+00:00
LT,Lithuania,Republic of Lithuania,LTU,SUR,SUR,1961-01-01,1992-10-01,Historical,2025-09-09T15:06:07.154201+00:00
LT,Lithuania,Republic of Lithuania,LTU,LTT,LTT,1992-10-01,1993-06-25,Historical,2025-09-09T15:06:07.154203+00:00
LT,Lithuania,Republic of Lithuania,LTU,LTL,LTL,1993-06-25,2014-12-31,Historical,2025-09-09T15:06:07.154205+00:00
LT,Lithuania,Republic of Lithuania,LTU,EUR,Euro,2015-01-01,,Active,2025-09-09T15:06:07.154208+00:00
LU,Luxembourg,Grand Duchy of Luxembourg,LUX,LUF,LUF,1944-09-04,2002-02-28,Historical,2025-09-09T15:06:07.154211+00:00
LU,Luxembourg,Grand Duchy of Luxembourg,LUX,EUR,Euro,1999-01-01,,Active,2025-09-09T15:06:07.154214+00:00
LV,Latvia,Republic of Latvia,LVA,SUR,SUR,1961-01-01,1992-07-20,Historical,2025-09-09T15:06:07.154217+00:00
LV,Latvia,Republic of Latvia,LVA,LVR,LVR,1992-05-07,1993-10-17,Historical,2025-09-09T15:06:07.154219+00:00
LV,Latvia,Republic of Latvia,LVA,LVL,LVL,1993-06-28,2013-12-31,Historical,2025-09-09T15:06:07.154221+00:00
LV,Latvia,Republic of Latvia,LVA,EUR,Euro,2014-01-01,,Active,2025-09-09T15:06:07.154224+00:00
LY,Libya,Libya,LBY,LYD,Libyan Dinar,1971-09-01,,Active,2025-09-09T15:06:07.154227+00:00
MA,Morocco,Kingdom of Morocco,MAR,MAF,MAF,1881-01-01,1959-10-17,Historical,2025-09-09T15:06:07.154230+00:00
MA,Morocco,Kingdom of Morocco,MAR,MAD,Moroccan Dirham,1959-10-17,,Active,2025-09-09T15:06:07.154232+00:00
MC,Monaco,Principality of Monaco,MCO,FRF,FRF,1960-01-01,2002-02-17,Historical,2025-09-09T15:06:07.154236+00:00
MC,Monaco,Principality of Monaco,MCO,MCF,MCF,1960-01-01,2002-02-17,Historical,2025-09-09T15:06:07.154238+00:00
MC,Monaco,Principality of Monaco,MCO,EUR,Euro,1999-01-01,,Active,2025-09-09T15:06:07.154240+00:00
MD,"Moldova, Republic of",Republic of Moldova,MDA,MDC,MDC,1992-06-01,1993-11-29,Historical,2025-09-09T15:06:07.154243+00:00
MD,"Moldova, Republic of",Republic of Moldova,MDA,MDL,Moldovan Leu,1993-11-29,,Active,2025-09-09T15:06:07.154246+00:00
ME,Montenegro,Montenegro,MNE,YUM,YUM,1994-01-24,2002-05-15,Historical,2025-09-09T15:06:07.154249+00:00
ME,Montenegro,Montenegro,MNE,DEM,DEM,1999-10-02,2002-05-15,Historical,2025-09-09T15:06:07.154251+00:00
ME,Montenegro,Montenegro,MNE,EUR,Euro,2002-01-01,,Active,2025-09-09T15:06:07.154254+00:00
MF,Saint Martin (French part),Saint Martin (French part),MAF,FRF,FRF,1960-01-01,2002-02-17,Historical,2025-09-09T15:06:07.154257+00:00
MF,Saint Martin (French part),Saint Martin (French part),MAF,EUR,Euro,1999-01-01,,Active,2025-09-09T15:06:07.154259+00:00
MG,Madagascar,Republic of Madagascar,MDG,MGF,MGF,1963-07-01,2004-12-31,Historical,2025-09-09T15:06:07.154262+00:00
MG,Madagascar,Republic of Madagascar,MDG,MGA,Malagasy Ariary,1983-11-01,,Active,2025-09-09T15:06:07.154265+00:00
MH,Marshall Islands,Republic of the Marshall Islands,MHL,USD,US Dollar,1944-01-01,,Active,2025-09-09T15:06:07.154268+00:00
MK,North Macedonia,Republic of North Macedonia,MKD,MKN,MKN,1992-04-26,1993-05-20,Historical,2025-09-09T15:06:07.154271+00:00
MK,North Macedonia,Republic of North Macedonia,MKD,MKD,Denar,1993-05-20,,Active,2025-09-09T15:06:07.154273+00:00
ML,Mali,Republic of Mali,MLI,XOF,CFA Franc BCEAO,1958-11-24,1962-07-02,Historical,2025-09-09T15:06:07.154276+00:00
ML,Mali,Republic of Mali,MLI,MLF,MLF,1962-07-02,1984-08-31,Historical,2025-09-09T15:06:07.154279+00:00
ML,Mali,Republic of Mali,MLI,XOF,CFA Franc BCEAO,1984-06-01,,Active,2025-09-09T15:06:07.154281+00:00
MM,Myanmar,Republic of Myanmar,MMR,BUK,BUK,1952-07-01,1989-06-18,Historical,2025-09-09T15:06:07.154284+00:00
MM,Myanmar,Republic of Myanmar,MMR,MMK,Kyat,1989-06-18,,Active,2025-09-09T15:06:07.154286+00:00
MN,Mongolia,Mongolia,MNG,MNT,Tugrik,1915-03-01,,Active,2025-09-09T15:06:07.154289+00:00
MO,Macao,Macao Special Administrative Region of China,MAC,MOP,Pataca,1901-01-01,,Active,2025-09-09T15:06:07.154293+00:00
MP,Northern Mariana Islands,Commonwealth of the Northern Mariana Islands,MNP,USD,US Dollar,1944-01-01,,Active,2025-09-09T15:06:07.154296+00:00
MQ,Martinique,Martinique,MTQ,FRF,FRF,1960-01-01,2002-02-17,Historical,2025-09-09T15:06:07.154299+00:00
MQ,Martinique,Martinique,MTQ,EUR,Euro,1999-01-01,,Active,2025-09-09T15:06:07.154301+00:00
MR,Mauritania,Islamic Republic of Mauritania,MRT,XOF,CFA Franc BCEAO,1958-11-28,1973-06-29,Historical,2025-09-09T15:06:07.154305+00:00
MR,Mauritania,Islamic Republic of Mauritania,MRT,MRO,MRO,1973-06-29,2018-06-30,Historical,2025-09-09T15:06:07.154307+00:00
MR,Mauritania,Islamic Republic of Mauritania,MRT,MRU,Ouguiya,2018-01-01,,Active,2025-09-09T15:06:07.154310+00:00
MS,Montserrat,Montserrat,MSR,XCD,East Caribbean Dollar,1967-02-27,,Active,2025-09-09T15:06:07.154313+00:00
MT,Malta,Republic of Malta,MLT,MTP,MTP,1914-08-13,1968-06-07,Historical,2025-09-09T15:06:07.154316+00:00
MT,Malta,Republic of Malta,MLT,MTL,MTL,1968-06-07,2008-01-31,Historical,2025-09-09T15:06:07.154318+00:00
MT,Malta,Republic of Malta,MLT,EUR,Euro,2008-01-01,,Active,2025-09-09T15:06:07.154321+00:00
MU,Mauritius,Republic of Mauritius,MUS,MUR,Mauritius Rupee,1934-04-01,,Active,2025-09-09T15:06:07.154324+00:00
MV,Maldives,Republic of Maldives,MDV,MVP,MVP,1947-01-01,1981-07-01,Historical,2025-09-09T15:06:07.154327+00:00
MV,Maldives,Republic of Maldives,MDV,MVR,Rufiyaa,1981-07-01,,Active,2025-09-09T15:06:07.154329+00:00
MW,Malawi,Republic of Malawi,MWI,MWK,Malawi Kwacha,1971-02-15,,Active,2025-09-09T15:06:07.154332+00:00
MX,Mexico,United Mexican States,MEX,MXP,MXP,1822-01-01,1992-12-31,Historical,2025-09-09T15:06:07.154335+00:00
MX,Mexico,United Mexican States,MEX,MXN,Mexican Peso,1993-01-01,,Active,2025-09-09T15:06:07.154338+00:00
MY,Malaysia,Malaysia,MYS,MYR,Malaysian Ringgit,1963-09-16,,Active,2025-09-09T15:06:07.154341+00:00
MZ,Mozambique,Republic of Mozambique,MOZ,MZE,MZE,1975-06-25,1980-06-16,Historical,2025-09-09T15:06:07.154344+00:00
MZ,Mozambique,Republic of Mozambique,MOZ,MZM,MZM,1980-06-16,2006-12-31,Historical,2025-09-09T15:06:07.154347+00:00
MZ,Mozambique,Republic of Mozambique,MOZ,MZN,Mozambique Metical,2006-07-01,,Active,2025-09-09T15:06:07.154349+00:00
NA,Namibia,Republic of Namibia,NAM,ZAR,Rand,1961-02-14,,Active,2025-09-09T15:06:07.154352+00:00
NA,Namibia,Republic of Namibia,NAM,NAD,Namibia Dollar,1993-01-01,,Active,2025-09-09T15:06:07.154354+00:00
NC,New Caledonia,New Caledonia,NCL,XPF,CFP Franc,1985-01-01,,Active,2025-09-09T15:06:07.154357+00:00
NE,Niger,Republic of the Niger,NER,XOF,CFA Franc BCEAO,1958-12-19,,Active,2025-09-09T15:06:07.154360+00:00
NF,Norfolk Island,Norfolk Island,NFK,AUD,Australian Dollar,1966-02-14,,Active,2025-09-09T15:06:07.154364+00:00
NG,Nigeria,Federal Republic of Nigeria,NGA,NGN,Naira,1973-01-01,,Active,2025-09-09T15:06:07.154367+00:00
NI,Nicaragua,Republic of Nicaragua,NIC,NIC,NIC,1988-02-15,1991-04-30,Historical,2025-09-09T15:06:07.154370+00:00
NI,Nicaragua,Republic of Nicaragua,NIC,NIO,Cordoba Oro,1991-04-30,,Active,2025-09-09T15:06:07.154372+00:00
NL,Netherlands,Kingdom of the Netherlands,NLD,NLG,NLG,1813-01-01,2002-02-28,Historical,2025-09-09T15:06:07.154375+00:00
NL,Netherlands,Kingdom of the Netherlands,NLD,EUR,Euro,1999-01-01,,Active,2025-09-09T15:06:07.154377+00:00
NO,Norway,Kingdom of Norway,NOR,SEK,Swedish Krona,1873-05-27,1905-06-07,Historical,2025-09-09T15:06:07.154381+00:00
NO,Norway,Kingdom of Norway,NOR,NOK,Norwegian Krone,1905-06-07,,Active,2025-09-09T15:06:07.154383+00:00
NP,Nepal,Federal Democratic Republic of Nepal,NPL,INR,Indian Rupee,1870-01-01,1966-10-17,Historical,2025-09-09T15:06:07.154386+00:00
NP,Nepal,Federal Democratic Republic of Nepal,NPL,NPR,Nepalese Rupee,1933-01-01,,Active,2025-09-09T15:06:07.154388+00:00
NR,Nauru,Republic of Nauru,NRU,AUD,Australian Dollar,1966-02-14,,Active,2025-09-09T15:06:07.154391+00:00
NU,Niue,Niue,NIU,NZD,New Zealand Dollar,1967-07-10,,Active,2025-09-09T15:06:07.154395+00:00
NZ,New Zealand,New Zealand,NZL,NZD,New Zealand Dollar,1967-07-10,,Active,2025-09-09T15:06:07.154398+00:00
OM,Oman,Sultanate of Oman,OMN,OMR,Rial Omani,1972-11-11,,Active,2025-09-09T15:06:07.154401+00:00
PA,Panama,Republic of Panama,PAN,PAB,Balboa,1903-11-04,,Active,2025-09-09T15:06:07.154404+00:00
PA,Panama,Republic of Panama,PAN,USD,US Dollar,1903-11-18,,Active,2025-09-09T15:06:07.154406+00:00
PE,Peru,Republic of Peru,PER,PES,PES,1863-02-14,1985-02-01,Historical,2025-09-09T15:06:07.154409+00:00
PE,Peru,Republic of Peru,PER,PEI,PEI,1985-02-01,1991-07-01,Historical,2025-09-09T15:06:07.154412+00:00
PE,Peru,Republic of Peru,PER,PEN,Sol,1991-07-01,,Active,2025-09-09T15:06:07.154414+00:00
PF,French Polynesia,French Polynesia,PYF,XPF,CFP Franc,1945-12-26,,Active,2025-09-09T15:06:07.154417+00:00
PG,Papua New Guinea,Independent State of Papua New Guinea,PNG,AUD,Australian Dollar,1966-02-14,1975-09-16,Historical,2025-09-09T15:06:07.154421+00:00
PG,Papua New Guinea,Independent State of Papua New Guinea,PNG,PGK,Kina,1975-09-16,,Active,2025-09-09T15:06:07.154423+00:00
PH,Philippines,Republic of the Philippines,PHL,PHP,Philippine Peso,1946-07-04,,Active,2025-09-09T15:06:07.154426+00:00
PK,Pakistan,Islamic Republic of Pakistan,PAK,INR,Indian Rupee,1835-08-17,1947-08-15,Historical,2025-09-09T15:06:07.154429+00:00
PK,Pakistan,Islamic Republic of Pakistan,PAK,PKR,Pakistan Rupee,1948-04-01,,Active,2025-09-09T15:06:07.154432+00:00
PL,Poland,Republic of Poland,POL,PLZ,PLZ,1950-10-28,1994-12-31,Historical,2025-09-09T15:06:07.154435+00:00
PL,Poland,Republic of Poland,POL,PLN,Zloty,1995-01-01,,Active,2025-09-09T15:06:07.154437+00:00
PM,Saint Pierre and Miquelon,Saint Pierre and Miquelon,SPM,FRF,FRF,1972-12-21,2002-02-17,Historical,2025-09-09T15:06:07.154440+00:00
PM,Saint Pierre and Miquelon,Saint Pierre and Miquelon,SPM,EUR,Euro,1999-01-01,,Active,2025-09-09T15:06:07.154442+00:00
PN,Pitcairn,Pitcairn,PCN,NZD,New Zealand Dollar,1969-01-13,,Active,2025-09-09T15:06:07.154445+00:00
PR,Puerto Rico,Puerto Rico,PRI,ESP,ESP,1800-01-01,1898-12-10,Historical,2025-09-09T15:06:07.154449+00:00
PR,Puerto Rico,Puerto Rico,PRI,USD,US Dollar,1898-12-10,,Active,2025-09-09T15:06:07.154451+00:00
PS,"Palestine, State of",the State of Palestine,PSE,JOD,Jordanian Dinar,1950-07-01,1967-06-01,Historical,2025-09-09T15:06:07.154454+00:00
PS,"Palestine, State of",the State of Palestine,PSE,ILP,ILP,1967-06-01,1980-02-22,Historical,2025-09-09T15:06:07.154457+00:00
PS,"Palestine, State of",the State of Palestine,PSE,ILS,New Israeli Sheqel,1985-09-04,,Active,2025-09-09T15:06:07.154459+00:00
PS,"Palestine, State of",the State of Palestine,PSE,JOD,Jordanian Dinar,1996-02-12,,Active,2025-09-09T15:06:07.154461+00:00
PT,Portugal,Portuguese Republic,PRT,PTE,PTE,1911-05-22,2002-02-28,Historical,2025-09-09T15:06:07.154465+00:00
PT,Portugal,Portuguese Republic,PRT,EUR,Euro,1999-01-01,,Active,2025-09-09T15:06:07.154467+00:00
PW,Palau,Republic of Palau,PLW,USD,US Dollar,1944-01-01,,Active,2025-09-09T15:06:07.154470+00:00
PY,Paraguay,Republic of Paraguay,PRY,PYG,Guarani,1943-11-01,,Active,2025-09-09T15:06:07.154473+00:00
QA,Qatar,State of Qatar,QAT,QAR,Qatari Rial,1973-05-19,,Active,2025-09-09T15:06:07.154476+00:00
RE,Réunion,Réunion,REU,FRF,FRF,1975-01-01,2002-02-17,Historical,2025-09-09T15:06:07.154479+00:00
RE,Réunion,Réunion,REU,EUR,Euro,1999-01-01,,Active,2025-09-09T15:06:07.154482+00:00
RO,Romania,Romania,ROU,ROL,ROL,1952-01-28,2006-12-31,Historical,2025-09-09T15:06:07.154485+00:00
RO,Romania,Romania,ROU,RON,Romanian Leu,2005-07-01,,Active,2025-09-09T15:06:07.154487+00:00
RS,Serbia,Republic of Serbia,SRB,YUM,YUM,1994-01-24,2002-05-15,Historical,2025-09-09T15:06:07.154490+00:00
RS,Serbia,Republic of Serbia,SRB,CSD,CSD,2002-05-15,2006-10-25,Historical,2025-09-09T15:06:07.154493+00:00
RS,Serbia,Republic of Serbia,SRB,RSD,Serbian Dinar,2006-10-25,,Active,2025-09-09T15:06:07.154495+00:00
RU,Russian Federation,Russian Federation,RUS,RUR,RUR,1991-12-25,1998-12-31,Historical,2025-09-09T15:06:07.154498+00:00
RU,Russian Federation,Russian Federation,RUS,RUB,Russian Ruble,1999-01-01,,Active,2025-09-09T15:06:07.154500+00:00
RW,Rwanda,Rwandese Republic,RWA,RWF,Rwanda Franc,1964-05-19,,Active,2025-09-09T15:06:07.154503+00:00
SA,Saudi Arabia,Kingdom of Saudi Arabia,SAU,SAR,Saudi Riyal,1952-10-22,,Active,2025-09-09T15:06:07.154506+00:00
SB,Solomon Islands,Solomon Islands,SLB,AUD,Australian Dollar,1966-02-14,1978-06-30,Historical,2025-09-09T15:06:07.154509+00:00
SB,Solomon Islands,Solomon Islands,SLB,SBD,Solomon Islands Dollar,1977-10-24,,Active,2025-09-09T15:06:07.154512+00:00
SC,Seychelles,Republic of Seychelles,SYC,SCR,Seychelles Rupee,1903-11-01,,Active,2025-09-09T15:06:07.154515+00:00
SD,Sudan,Republic of the Sudan,SDN,EGP,Egyptian Pound,1889-01-19,1958-01-01,Historical,2025-09-09T15:06:07.154542+00:00
SD,Sudan,Republic of the Sudan,SDN,GBP,Pound Sterling,1889-01-19,1958-01-01,Historical,2025-09-09T15:06:07.154546+00:00
SD,Sudan,Republic of the Sudan,SDN,SDP,SDP,1957-04-08,1998-06-01,Historical,2025-09-09T15:06:07.154549+00:00
SD,Sudan,Republic of the Sudan,SDN,SDD,SDD,1992-06-08,2007-06-30,Historical,2025-09-09T15:06:07.154551+00:00
SD,Sudan,Republic of the Sudan,SDN,SDG,Sudanese Pound,2007-01-10,,Active,2025-09-09T15:06:07.154554+00:00
SE,Sweden,Kingdom of Sweden,SWE,SEK,Swedish Krona,1873-05-27,,Active,2025-09-09T15:06:07.154557+00:00
SG,Singapore,Republic of Singapore,SGP,MYR,Malaysian Ringgit,1963-09-16,1967-06-12,Historical,2025-09-09T15:06:07.154561+00:00
SG,Singapore,Republic of Singapore,SGP,SGD,Singapore Dollar,1967-06-12,,Active,2025-09-09T15:06:07.154563+00:00
SH,"Saint Helena, Ascension and Tristan da Cunha","Saint Helena, Ascension and Tristan da Cunha",SHN,SHP,Saint Helena Pound,1917-02-15,,Active,2025-09-09T15:06:07.154566+00:00
SI,Slovenia,Republic of Slovenia,SVN,SIT,SIT,1992-10-07,2007-01-14,Historical,2025-09-09T15:06:07.154570+00:00
SI,Slovenia,Republic of Slovenia,SVN,EUR,Euro,2007-01-01,,Active,2025-09-09T15:06:07.154572+00:00
SJ,Svalbard and Jan Mayen,Svalbard and Jan Mayen,SJM,NOK,Norwegian Krone,1905-06-07,,Active,2025-09-09T15:06:07.154575+00:00
SK,Slovakia,Slovak Republic,SVK,CSK,CSK,1953-06-01,1992-12-31,Historical,2025-09-09T15:06:07.154579+00:00
SK,Slovakia,Slovak Republic,SVK,SKK,SKK,1992-12-31,2009-01-01,Historical,2025-09-09T15:06:07.154581+00:00
SK,Slovakia,Slovak Republic,SVK,EUR,Euro,2009-01-01,,Active,2025-09-09T15:06:07.154583+00:00
SL,Sierra Leone,Republic of Sierra Leone,SLE,GBP,Pound Sterling,1808-11-30,1966-02-04,Historical,2025-09-09T15:06:07.154587+00:00
SL,Sierra Leone,Republic of Sierra Leone,SLE,SLL,Leone,1964-08-04,2023-12-31,Historical,2025-09-09T15:06:07.154589+00:00
SL,Sierra Leone,Republic of Sierra Leone,SLE,SLE,Leone,2022-07-01,,Active,2025-09-09T15:06:07.154591+00:00
SM,San Marino,Republic of San Marino,SMR,ITL,ITL,1865-12-23,2001-02-28,Historical,2025-09-09T15:06:07.154595+00:00
SM,San Marino,Republic of San Marino,SMR,EUR,Euro,1999-01-01,,Active,2025-09-09T15:06:07.154597+00:00
SN,Senegal,Republic of Senegal,SEN,XOF,CFA Franc BCEAO,1959-04-04,,Active,2025-09-09T15:06:07.154600+00:00
SO,Somalia,Federal Republic of Somalia,SOM,SOS,Somali Shilling,1960-07-01,,Active,2025-09-09T15:06:07.154603+00:00
SR,Suriname,Republic of Suriname,SUR,NLG,NLG,1815-11-20,1940-05-10,Historical,2025-09-09T15:06:07.154606+00:00
SR,Suriname,Republic of Suriname,SUR,SRG,SRG,1940-05-10,2003-12-31,Historical,2025-09-09T15:06:07.154609+00:00
SR,Suriname,Republic of Suriname,SUR,SRD,Surinam Dollar,2004-01-01,,Active,2025-09-09T15:06:07.154611+00:00
SS,South Sudan,Republic of South Sudan,SSD,SDG,Sudanese Pound,2007-01-10,2011-09-01,Historical,2025-09-09T15:06:07.154614+00:00
SS,South Sudan,Republic of South Sudan,SSD,SSP,South Sudanese Pound,2011-07-18,,Active,2025-09-09T15:06:07.154617+00:00
ST,Sao Tome and Principe,Democratic Republic of Sao Tome and Principe,STP,STD,STD,1977-09-08,2017-12-31,Historical,2025-09-09T15:06:07.154620+00:00
ST,Sao Tome and Principe,Democratic Republic of Sao Tome and Principe,STP,STN,Dobra,2018-01-01,,Active,2025-09-09T15:06:07.154622+00:00
SV,El Salvador,Republic of El Salvador,SLV,SVC,El Salvador Colon,1919-11-11,2001-01-01,Historical,2025-09-09T15:06:07.154626+00:00
SV,El Salvador,Republic of El Salvador,SLV,USD,US Dollar,2001-01-01,,Active,2025-09-09T15:06:07.154628+00:00
SX,Sint Maarten (Dutch part),Sint Maarten (Dutch part),SXM,ANG,Netherlands Antillean Guilder,2010-10-10,2025-06-30,Historical,2025-09-09T15:06:07.154631+00:00
SX,Sint Maarten (Dutch part),Sint Maarten (Dutch part),SXM,XCG,XCG,2025-03-31,,Active,2025-09-09T15:06:07.154633+00:00
SY,Syrian Arab Republic,Syrian Arab Republic,SYR,SYP,Syrian Pound,1948-01-01,,Active,2025-09-09T15:06:07.154637+00:00
SZ,Eswatini,Kingdom of Eswatini,SWZ,SZL,Lilangeni,1974-09-06,,Active,2025-09-09T15:06:07.154640+00:00
TC,Turks and Caicos Islands,Turks and Caicos Islands,TCA,USD,US Dollar,1969-09-08,,Active,2025-09-09T15:06:07.154643+00:00
TD,Chad,Republic of Chad,TCD,XAF,CFA Franc BEAC,1993-01-01,,Active,2025-09-09T15:06:07.154646+00:00
TF,French Southern Territories,French Southern Territories,ATF,FRF,FRF,1959-01-01,2002-02-17,Historical,2025-09-09T15:06:07.154650+00:00
TF,French Southern Territories,French Southern Territories,ATF,EUR,Euro,1999-01-01,,Active,2025-09-09T15:06:07.154652+00:00
TG,Togo,Togolese Republic,TGO,XOF,CFA Franc BCEAO,1958-11-28,,Active,2025-09-09T15:06:07.154655+00:00
TH,Thailand,Kingdom of Thailand,THA,THB,Baht,1928-04-15,,Active,2025-09-09T15:06:07.154659+00:00
TJ,Tajikistan,Republic of Tajikistan,TJK,RUR,RUR,1991-12-25,1995-05-10,Historical,2025-09-09T15:06:07.154662+00:00
TJ,Tajikistan,Republic of Tajikistan,TJK,TJR,TJR,1995-05-10,2000-10-25,Historical,2025-09-09T15:06:07.154665+00:00
TJ,Tajikistan,Republic of Tajikistan,TJK,TJS,Somoni,2000-10-26,,Active,2025-09-09T15:06:07.154667+00:00
TK,Tokelau,Tokelau,TKL,NZD,New Zealand Dollar,1967-07-10,,Active,2025-09-09T15:06:07.154670+00:00
TL,Timor-Leste,Democratic Republic of Timor-Leste,TLS,TPE,TPE,1959-01-02,2002-05-20,Historical,2025-09-09T15:06:07.154674+00:00
TL,Timor-Leste,Democratic Republic of Timor-Leste,TLS,IDR,Rupiah,1975-12-07,2002-05-20,Historical,2025-09-09T15:06:07.154676+00:00
TL,Timor-Leste,Democratic Republic of Timor-Leste,TLS,USD,US Dollar,1999-10-20,,Active,2025-09-09T15:06:07.154678+00:00
TM,Turkmenistan,Turkmenistan,TKM,SUR,SUR,1961-01-01,1991-12-25,Historical,2025-09-09T15:06:07.154682+00:00
TM,Turkmenistan,Turkmenistan,TKM,RUR,RUR,1991-12-25,1993-11-01,Historical,2025-09-09T15:06:07.154684+00:00
TM,Turkmenistan,Turkmenistan,TKM,TMM,TMM,1993-11-01,2009-01-01,Historical,2025-09-09T15:06:07.154686+00:00
TM,Turkmenistan,Turkmenistan,TKM,TMT,Turkmenistan New Manat,2009-01-01,,Active,2025-09-09T15:06:07.154689+00:00
TN,Tunisia,Republic of Tunisia,TUN,TND,Tunisian Dinar,1958-11-01,,Active,2025-09-09T15:06:07.154692+00:00
TO,Tonga,Kingdom of Tonga,TON,TOP,Pa’anga,1966-02-14,,Active,2025-09-09T15:06:07.154695+00:00
TR,Türkiye,Republic of Türkiye,TUR,TRL,TRL,1922-11-01,2005-12-31,Historical,2025-09-09T15:06:07.154698+00:00
TR,Türkiye,Republic of Türkiye,TUR,TRY,Turkish Lira,2005-01-01,,Active,2025-09-09T15:06:07.154701+00:00
TT,Trinidad and Tobago,Republic of Trinidad and Tobago,TTO,TTD,Trinidad and Tobago Dollar,1964-01-01,,Active,2025-09-09T15:06:07.154704+00:00
TV,Tuvalu,Tuvalu,TUV,AUD,Australian Dollar,1966-02-14,,Active,2025-09-09T15:06:07.154707+00:00
TW,"Taiwan, Province of China","Taiwan, Province of China",TWN,TWD,New Taiwan Dollar,1949-06-15,,Active,2025-09-09T15:06:07.154710+00:00
TZ,"Tanzania, United Republic of",United Republic of Tanzania,TZA,TZS,Tanzanian Shilling,1966-06-14,,Active,2025-09-09T15:06:07.154713+00:00
UA,Ukraine,Ukraine,UKR,SUR,SUR,1961-01-01,1991-12-25,Historical,2025-09-09T15:06:07.154717+00:00
UA,Ukraine,Ukraine,UKR,RUR,RUR,1991-12-25,1992-11-13,Historical,2025-09-09T15:06:07.154719+00:00
UA,Ukraine,Ukraine,UKR,UAK,UAK,1992-11-13,1993-10-17,Historical,2025-09-09T15:06:07.154722+00:00
UA,Ukraine,Ukraine,UKR,UAH,Hryvnia,1996-09-02,,Active,2025-09-09T15:06:07.154724+00:00
UG,Uganda,Republic of Uganda,UGA,UGS,UGS,1966-08-15,1987-05-15,Historical,2025-09-09T15:06:07.154727+00:00
UG,Uganda,Republic of Uganda,UGA,UGX,Uganda Shilling,1987-05-15,,Active,2025-09-09T15:06:07.154730+00:00
UM,United States Minor Outlying Islands,United States Minor Outlying Islands,UMI,USD,US Dollar,1944-01-01,,Active,2025-09-09T15:06:07.154733+00:00
US,United States,United States of America,USA,USD,US Dollar,1792-01-01,,Active,2025-09-09T15:06:07.154736+00:00
UY,Uruguay,Eastern Republic of Uruguay,URY,UYP,UYP,1975-07-01,1993-03-01,Historical,2025-09-09T15:06:07.154739+00:00
UY,Uruguay,Eastern Republic of Uruguay,URY,UYU,Peso Uruguayo,1993-03-01,,Active,2025-09-09T15:06:07.154741+00:00
UZ,Uzbekistan,Republic of Uzbekistan,UZB,UZS,Uzbekistan Sum,1994-07-01,,Active,2025-09-09T15:06:07.154744+00:00
VA,Holy See (Vatican City State),Holy See (Vatican City State),VAT,ITL,ITL,1870-10-19,2002-02-28,Historical,2025-09-09T15:06:07.154747+00:00
VA,Holy See (Vatican City State),Holy See (Vatican City State),VAT,EUR,Euro,1999-01-01,,Active,2025-09-09T15:06:07.154750+00:00
VC,Saint Vincent and the Grenadines,Saint Vincent and the Grenadines,VCT,XCD,East Caribbean Dollar,1965-10-06,,Active,2025-09-09T15:06:07.154753+00:00
VE,"Venezuela, Bolivarian Republic of",Bolivarian Republic of Venezuela,VEN,VEB,VEB,1871-05-11,2008-06-30,Historical,2025-09-09T15:06:07.154756+00:00
VE,"Venezuela, Bolivarian Republic of",Bolivarian Republic of Venezuela,VEN,VEF,VEF,2008-01-01,2018-08-20,Historical,2025-09-09T15:06:07.154759+00:00
VE,"Venezuela, Bolivarian Republic of",Bolivarian Republic of Venezuela,VEN,VES,Bolívar Soberano,2018-08-20,,Active,2025-09-09T15:06:07.154761+00:00
VG,"Virgin Islands, British",British Virgin Islands,VGB,GBP,Pound Sterling,1833-01-01,1959-01-01,Historical,2025-09-09T15:06:07.154766+00:00
VG,"Virgin Islands, British",British Virgin Islands,VGB,USD,US Dollar,1833-01-01,,Active,2025-09-09T15:06:07.154764+00:00
VI,"Virgin Islands, U.S.",Virgin Islands of the United States,VIR,USD,US Dollar,1837-01-01,,Active,2025-09-09T15:06:07.154769+00:00
VN,Viet Nam,Socialist Republic of Viet Nam,VNM,VNN,VNN,1978-05-03,1985-09-14,Historical,2025-09-09T15:06:07.154773+00:00
VN,Viet Nam,Socialist Republic of Viet Nam,VNM,VND,Dong,1985-09-14,,Active,2025-09-09T15:06:07.154775+00:00
VU,Vanuatu,Republic of Vanuatu,VUT,VUV,Vatu,1981-01-01,,Active,2025-09-09T15:06:07.154778+00:00
WF,Wallis and Futuna,Wallis and Futuna,WLF,XPF,CFP Franc,1961-07-30,,Active,2025-09-09T15:06:07.154781+00:00
WS,Samoa,Independent State of Samoa,WSM,WST,Tala,1967-07-10,,Active,2025-09-09T15:06:07.154784+00:00
YE,Yemen,Republic of Yemen,YEM,YER,Yemeni Rial,1990-05-22,,Active,2025-09-09T15:06:07.154788+00:00
YT,Mayotte,Mayotte,MYT,KMF,Comorian Franc,1975-01-01,1976-02-23,Historical,2025-09-09T15:06:07.154791+00:00
YT,Mayotte,Mayotte,MYT,FRF,FRF,1976-02-23,2002-02-17,Historical,2025-09-09T15:06:07.154794+00:00
YT,Mayotte,Mayotte,MYT,EUR,Euro,1999-01-01,,Active,2025-09-09T15:06:07.154796+00:00
ZA,South Africa,Republic of South Africa,ZAF,ZAR,Rand,1961-02-14,,Active,2025-09-09T15:06:07.154799+00:00
ZM,Zambia,Republic of Zambia,ZMB,ZMK,ZMK,1968-01-16,2013-01-01,Historical,2025-09-09T15:06:07.154802+00:00
ZM,Zambia,Republic of Zambia,ZMB,ZMW,Zambian Kwacha,2013-01-01,,Active,2025-09-09T15:06:07.154805+00:00
ZW,Zimbabwe,Republic of Zimbabwe,ZWE,RHD,RHD,1970-02-17,1980-04-18,Historical,2025-09-09T15:06:07.154809+00:00
ZW,Zimbabwe,Republic of Zimbabwe,ZWE,ZWD,ZWD,1980-04-18,2008-08-01,Historical,2025-09-09T15:06:07.154811+00:00
ZW,Zimbabwe,Republic of Zimbabwe,ZWE,ZWR,ZWR,2008-08-01,2009-02-02,Historical,2025-09-09T15:06:07.154813+00:00
ZW,Zimbabwe,Republic of Zimbabwe,ZWE,ZWL,Zimbabwe Dollar,2009-02-02,2024-08-31,Historical,2025-09-09T15:06:07.154816+00:00
ZW,Zimbabwe,Republic of Zimbabwe,ZWE,USD,US Dollar,2009-04-12,,Active,2025-09-09T15:06:07.154818+00:00
ZW,Zimbabwe,Republic of Zimbabwe,ZWE,ZWG,ZWG,2024-06-25,,Active,2025-09-09T15:06:07.154820+00:00
